seq	item_seq	item	class	arm	label
1	1	PF-0100	PF	E	p3
2	1	PF-0100	PF	G	p2
3	1	PF-0100	PF	S*	p1
4	1	PF-0100	PF	EG	p4
5	2	DS-0160	DS	EG	p4
6	2	DS-0160	DS	E	p3
7	2	DS-0160	DS	G	p2
8	2	DS-0160	DS	S*	p1
9	3	DS-0082	DS	S*	p1
10	3	DS-0082	DS	E	p3
11	3	DS-0082	DS	EG	p4
12	3	DS-0082	DS	G	p2
13	4	CP-0199	CP	G	p2
14	4	CP-0199	CP	S*	p1
15	4	CP-0199	CP	E	p3
16	4	CP-0199	CP	EG	p4
17	5	OE-0190	OE	EG	p4
18	5	OE-0190	OE	S*	p1
19	5	OE-0190	OE	G	p2
20	5	OE-0190	OE	E	p3
21	6	CR-0199	CR	S*	p1
22	6	CR-0199	CR	E	p3
23	6	CR-0199	CR	G	p2
24	6	CR-0199	CR	EG	p4
25	7	RS-0148	RS	S*	p1
26	7	RS-0148	RS	G	p2
27	7	RS-0148	RS	EG	p4
28	7	RS-0148	RS	E	p3
29	8	DS-0138	DS	G	p2
30	8	DS-0138	DS	S*	p1
31	8	DS-0138	DS	E	p3
32	8	DS-0138	DS	EG	p4
33	9	PF-0101	PF	EG	p4
34	9	PF-0101	PF	G	p2
35	9	PF-0101	PF	E	p3
36	9	PF-0101	PF	S*	p1
37	10	PF-0171	PF	E	p3
38	10	PF-0171	PF	S*	p1
39	10	PF-0171	PF	G	p2
40	10	PF-0171	PF	EG	p4
41	11	OE-0112	OE	G	p2
42	11	OE-0112	OE	E	p3
43	11	OE-0112	OE	EG	p4
44	11	OE-0112	OE	S*	p1
45	12	DS-0049	DS	E	p3
46	12	DS-0049	DS	EG	p4
47	12	DS-0049	DS	G	p2
48	12	DS-0049	DS	S*	p1
49	13	CR-0122	CR	EG	p4
50	13	CR-0122	CR	E	p3
51	13	CR-0122	CR	S*	p1
52	13	CR-0122	CR	G	p2
53	14	CR-0034	CR	G	p2
54	14	CR-0034	CR	E	p3
55	14	CR-0034	CR	EG	p4
56	14	CR-0034	CR	S*	p1
57	15	RS-0059	RS	S*	p1
58	15	RS-0059	RS	EG	p4
59	15	RS-0059	RS	G	p2
60	15	RS-0059	RS	E	p3
61	16	DS-0142	DS	EG	p4
62	16	DS-0142	DS	S*	p1
63	16	DS-0142	DS	G	p2
64	16	DS-0142	DS	E	p3
65	17	ES-0039	ES	G	p2
66	17	ES-0039	ES	E	p3
67	17	ES-0039	ES	EG	p4
68	17	ES-0039	ES	S*	p1
69	18	OE-0010	OE	EG	p4
70	18	OE-0010	OE	E	p3
71	18	OE-0010	OE	G	p2
72	18	OE-0010	OE	S*	p1
73	19	DS-0154	DS	E	p3
74	19	DS-0154	DS	EG	p4
75	19	DS-0154	DS	G	p2
76	19	DS-0154	DS	S*	p1
77	20	RS-0203	RS	G	p2
78	20	RS-0203	RS	E	p3
79	20	RS-0203	RS	EG	p4
80	20	RS-0203	RS	S*	p1
81	21	ES-0133	ES	S*	p1
82	21	ES-0133	ES	EG	p4
83	21	ES-0133	ES	G	p2
84	21	ES-0133	ES	E	p3
85	22	OE-0138	OE	S*	p1
86	22	OE-0138	OE	G	p2
87	22	OE-0138	OE	EG	p4
88	22	OE-0138	OE	E	p3
89	23	CP-0122	CP	G	p2
90	23	CP-0122	CP	EG	p4
91	23	CP-0122	CP	E	p3
92	23	CP-0122	CP	S*	p1
93	24	PF-0047	PF	E	p3
94	24	PF-0047	PF	EG	p4
95	24	PF-0047	PF	G	p2
96	24	PF-0047	PF	S*	p1
97	25	CP-0198	CP	S*	p1
98	25	CP-0198	CP	G	p2
99	25	CP-0198	CP	EG	p4
100	25	CP-0198	CP	E	p3
101	26	DS-0010	DS	EG	p4
102	26	DS-0010	DS	S*	p1
103	26	DS-0010	DS	E	p3
104	26	DS-0010	DS	G	p2
105	27	ES-0149	ES	E	p3
106	27	ES-0149	ES	EG	p4
107	27	ES-0149	ES	S*	p1
108	27	ES-0149	ES	G	p2
109	28	DS-0175	DS	EG	p4
110	28	DS-0175	DS	E	p3
111	28	DS-0175	DS	S*	p1
112	28	DS-0175	DS	G	p2
113	29	CP-0034	CP	E	p3
114	29	CP-0034	CP	S*	p1
115	29	CP-0034	CP	EG	p4
116	29	CP-0034	CP	G	p2
117	30	OE-0109	OE	G	p2
118	30	OE-0109	OE	E	p3
119	30	OE-0109	OE	S*	p1
120	30	OE-0109	OE	EG	p4
121	31	RS-0033	RS	S*	p1
122	31	RS-0033	RS	E	p3
123	31	RS-0033	RS	G	p2
124	31	RS-0033	RS	EG	p4
125	32	DS-0110	DS	E	p3
126	32	DS-0110	DS	G	p2
127	32	DS-0110	DS	EG	p4
128	32	DS-0110	DS	S*	p1
129	33	PF-0094	PF	G	p2
130	33	PF-0094	PF	EG	p4
131	33	PF-0094	PF	E	p3
132	33	PF-0094	PF	S*	p1
133	34	CR-0198	CR	G	p2
134	34	CR-0198	CR	EG	p4
135	34	CR-0198	CR	S*	p1
136	34	CR-0198	CR	E	p3
137	35	OE-0049	OE	S*	p1
138	35	OE-0049	OE	G	p2
139	35	OE-0049	OE	EG	p4
140	35	OE-0049	OE	E	p3
141	36	PF-0190	PF	EG	p4
142	36	PF-0190	PF	E	p3
143	36	PF-0190	PF	S*	p1
144	36	PF-0190	PF	G	p2
145	37	RS-0074	RS	E	p3
146	37	RS-0074	RS	S*	p1
147	37	RS-0074	RS	EG	p4
148	37	RS-0074	RS	G	p2
149	38	RS-0076	RS	G	p2
150	38	RS-0076	RS	EG	p4
151	38	RS-0076	RS	E	p3
152	38	RS-0076	RS	S*	p1
153	39	RS-0152	RS	S*	p1
154	39	RS-0152	RS	E	p3
155	39	RS-0152	RS	G	p2
156	39	RS-0152	RS	EG	p4
157	40	ES-0164	ES	E	p3
158	40	ES-0164	ES	EG	p4
159	40	ES-0164	ES	S*	p1
160	40	ES-0164	ES	G	p2
161	41	ES-0024	ES	EG	p4
162	41	ES-0024	ES	S*	p1
163	41	ES-0024	ES	E	p3
164	41	ES-0024	ES	G	p2
165	42	OE-0141	OE	S*	p1
166	42	OE-0141	OE	E	p3
167	42	OE-0141	OE	G	p2
168	42	OE-0141	OE	EG	p4
169	43	ES-0179	ES	S*	p1
170	43	ES-0179	ES	EG	p4
171	43	ES-0179	ES	E	p3
172	43	ES-0179	ES	G	p2
173	44	PF-0076	PF	E	p3
174	44	PF-0076	PF	S*	p1
175	44	PF-0076	PF	EG	p4
176	44	PF-0076	PF	G	p2
177	45	ES-0145	ES	G	p2
178	45	ES-0145	ES	EG	p4
179	45	ES-0145	ES	E	p3
180	45	ES-0145	ES	S*	p1
181	46	CR-0090	CR	G	p2
182	46	CR-0090	CR	S*	p1
183	46	CR-0090	CR	EG	p4
184	46	CR-0090	CR	E	p3
185	47	DS-0041	DS	EG	p4
186	47	DS-0041	DS	G	p2
187	47	DS-0041	DS	E	p3
188	47	DS-0041	DS	S*	p1
189	48	PF-0129	PF	E	p3
190	48	PF-0129	PF	EG	p4
191	48	PF-0129	PF	S*	p1
192	48	PF-0129	PF	G	p2
193	49	PF-0019	PF	EG	p4
194	49	PF-0019	PF	G	p2
195	49	PF-0019	PF	S*	p1
196	49	PF-0019	PF	E	p3
197	50	CP-0090	CP	S*	p1
198	50	CP-0090	CP	G	p2
199	50	CP-0090	CP	E	p3
200	50	CP-0090	CP	EG	p4
201	51	RS-0034	RS	E	p3
202	51	RS-0034	RS	EG	p4
203	51	RS-0034	RS	S*	p1
204	51	RS-0034	RS	G	p2
205	52	PF-0183	PF	S*	p1
206	52	PF-0183	PF	EG	p4
207	52	PF-0183	PF	E	p3
208	52	PF-0183	PF	G	p2
209	53	OE-0173	OE	S*	p1
210	53	OE-0173	OE	E	p3
211	53	OE-0173	OE	G	p2
212	53	OE-0173	OE	EG	p4
213	54	ES-0010	ES	S*	p1
214	54	ES-0010	ES	E	p3
215	54	ES-0010	ES	EG	p4
216	54	ES-0010	ES	G	p2
217	55	ES-0147	ES	G	p2
218	55	ES-0147	ES	S*	p1
219	55	ES-0147	ES	E	p3
220	55	ES-0147	ES	EG	p4
221	56	OE-0152	OE	S*	p1
222	56	OE-0152	OE	G	p2
223	56	OE-0152	OE	EG	p4
224	56	OE-0152	OE	E	p3
225	57	OE-0041	OE	EG	p4
226	57	OE-0041	OE	E	p3
227	57	OE-0041	OE	G	p2
228	57	OE-0041	OE	S*	p1
229	58	RS-0073	RS	EG	p4
230	58	RS-0073	RS	G	p2
231	58	RS-0073	RS	E	p3
232	58	RS-0073	RS	S*	p1
233	59	ES-0073	ES	EG	p4
234	59	ES-0073	ES	G	p2
235	59	ES-0073	ES	S*	p1
236	59	ES-0073	ES	E	p3
237	60	RS-0208	RS	EG	p4
238	60	RS-0208	RS	E	p3
239	60	RS-0208	RS	G	p2
240	60	RS-0208	RS	S*	p1
