id	ref_score	wrong_score	ref_seconds	wrong_seconds
PF-0001	1	0	75.8	53.0
PF-0002	1	0	75.8	53.0
PF-0003	1	0	75.8	53.0
PF-0004	1	0	75.6	51.3
PF-0005	1	0	75.8	53.1
PF-0006	1	0	75.6	51.3
PF-0007	1	0	75.8	53.1
PF-0008	1	0	75.7	53.1
PF-0009	1	0	75.7	53.1
PF-0010	1	0	75.8	53.0
PF-0011	1	0	75.8	53.1
PF-0012	1	0	75.8	53.0
PF-0013	1	0	69.7	20.2
PF-0014	1	0	69.7	20.2
PF-0015	1	0	85.2	48.7
PF-0016	1	0	83.7	46.2
PF-0017	1	0	84.6	48.7
PF-0018	1	0	85.1	48.8
PF-0019	1	0	84.7	48.7
PF-0020	1	0	84.6	48.5
PF-0021	1	0	84.6	48.7
PF-0022	1	0	84.7	48.7
PF-0023	1	0	83.7	46.2
PF-0024	1	0	85.1	48.8
PF-0025	1	0	85.8	25.6
PF-0026	1	0	85.8	25.6
PF-0027	1	0	46.3	27.1
PF-0028	1	0	46.2	27.1
PF-0029	1	0	59.3	30.7
PF-0030	1	0	67.2	49.1
PF-0031	1	0	66.8	47.6
PF-0032	1	0	67.1	49.1
PF-0033	1	0	66.7	47.7
PF-0034	1	0	66.6	49.1
PF-0035	1	0	66.6	49.1
PF-0036	1	0	66.6	49.1
PF-0037	1	0	66.3	26.2
PF-0038	1	0	66.2	26.2
PF-0039	1	0	81.5	27.2
PF-0040	1	0	81.5	27.2
PF-0041	1	0	63.1	28.6
PF-0042	1	0	48.6	35.4
PF-0043	1	0	48.6	35.4
PF-0044	1	0	63.3	44.4
PF-0045	1	0	63.3	44.4
PF-0046	1	0	63.4	44.2
PF-0047	1	0	63.3	44.4
PF-0048	1	0	63.3	44.4
PF-0049	1	0	66.5	36.3
PF-0050	1	0	66.4	36.3
PF-0051	1	0	65.9	22.6
PF-0052	1	0	65.9	22.6
PF-0053	1	0	78.0	29.5
PF-0054	1	0	62.8	34.0
PF-0055	1	0	62.7	34.0
PF-0056	1	0	68.9	35.8
PF-0057	1	0	69.0	35.6
PF-0058	1	0	68.9	35.7
PF-0059	1	0	68.9	35.6
PF-0060	1	0	68.8	35.7
PF-0061	1	0	67.4	49.3
PF-0062	1	0	67.4	49.3
PF-0063	1	0	61.8	49.1
PF-0064	1	0	61.8	49.1
PF-0065	1	0	42.7	46.8
PF-0066	1	0	81.0	29.9
PF-0067	1	0	81.0	29.9
PF-0068	1	0	81.8	33.0
PF-0069	1	0	81.7	33.0
PF-0070	1	0	81.7	33.0
PF-0071	1	0	81.8	32.9
PF-0072	1	0	81.7	33.0
PF-0073	1	0	67.8	51.9
PF-0074	1	0	64.8	50.4
PF-0075	1	0	64.8	50.3
PF-0076	1	0	64.8	50.3
PF-0077	1	0	64.4	50.3
PF-0078	1	0	40.1	49.3
PF-0079	1	0	40.1	49.3
PF-0080	1	0	82.5	32.0
PF-0081	1	0	82.5	31.9
PF-0082	1	0	82.5	32.1
PF-0083	1	0	82.5	32.0
PF-0084	1	0	82.5	32.0
PF-0085	1	0	61.2	41.4
PF-0086	1	0	61.2	41.4
PF-0087	1	0	61.3	41.3
PF-0088	1	0	61.1	41.5
PF-0089	1	0	61.6	46.8
PF-0090	1	0	61.8	46.8
PF-0091	1	0	59.7	46.8
PF-0092	1	0	73.2	36.9
PF-0093	1	0	73.2	36.9
PF-0094	1	0	73.1	36.8
PF-0095	1	0	73.1	37.0
PF-0096	1	0	73.0	36.8
PF-0097	1	0	43.5	35.0
PF-0098	1	0	43.6	34.9
PF-0099	1	0	43.5	35.1
PF-0100	1	0	43.4	35.2
PF-0101	1	0	62.8	44.6
PF-0102	1	0	62.7	44.3
PF-0103	1	0	62.5	44.5
PF-0104	1	0	66.6	41.0
PF-0105	1	0	66.6	41.0
PF-0106	1	0	66.5	41.0
PF-0107	1	0	66.5	41.0
PF-0108	1	0	66.5	41.0
PF-0109	1	0	61.5	40.9
PF-0110	1	0	61.5	40.9
PF-0111	1	0	61.4	40.9
PF-0112	1	0	61.3	41.0
PF-0113	1	0	57.8	33.5
PF-0114	1	0	57.7	33.5
PF-0115	1	0	57.7	33.5
PF-0116	1	0	60.7	48.5
PF-0117	1	0	60.7	48.5
PF-0118	1	0	60.6	48.6
PF-0119	1	0	60.6	48.6
PF-0120	1	0	60.7	48.5
PF-0121	1	0	60.2	48.6
PF-0122	1	0	60.2	48.6
PF-0123	1	0	60.2	48.6
PF-0124	1	0	60.2	48.6
PF-0125	1	0	42.7	42.1
PF-0126	1	0	42.7	42.1
PF-0127	1	0	42.7	42.1
PF-0128	1	0	60.4	47.3
PF-0129	1	0	60.4	47.2
PF-0130	1	0	60.3	47.3
PF-0131	1	0	60.3	47.1
PF-0132	1	0	60.3	47.2
PF-0133	1	0	61.9	49.0
PF-0134	1	0	61.9	48.8
PF-0135	1	0	61.9	49.0
PF-0136	1	0	61.9	48.8
PF-0137	1	0	60.7	48.5
PF-0138	1	0	60.6	48.5
PF-0139	1	0	60.6	48.4
PF-0140	1	0	52.4	32.8
PF-0141	1	0	52.3	32.7
PF-0142	1	0	52.1	32.6
PF-0143	1	0	52.1	32.7
PF-0144	1	0	52.1	32.8
PF-0145	1	0	68.9	46.3
PF-0146	1	0	68.9	46.3
PF-0147	1	0	68.7	46.4
PF-0148	1	0	68.7	46.4
PF-0149	1	0	68.7	46.3
PF-0150	1	0	68.6	46.4
PF-0151	1	0	68.7	46.2
PF-0152	1	0	68.8	32.8
PF-0153	1	0	68.6	32.8
PF-0154	1	0	68.7	32.8
PF-0155	1	0	68.6	32.8
PF-0156	1	0	68.6	32.9
PF-0157	1	0	65.8	48.4
PF-0158	1	0	65.7	48.3
PF-0159	1	0	61.8	34.1
PF-0160	1	0	65.7	48.4
PF-0161	1	0	64.1	35.1
PF-0162	1	0	65.6	48.3
PF-0163	1	0	65.5	48.4
PF-0164	1	0	76.3	35.7
PF-0165	1	0	76.3	35.8
PF-0166	1	0	76.3	35.8
PF-0167	1	0	76.2	35.8
PF-0168	1	0	76.2	35.7
PF-0169	1	0	48.4	35.0
PF-0170	1	0	45.1	34.9
PF-0171	1	0	63.6	48.8
PF-0172	1	0	63.8	48.6
PF-0173	1	0	63.8	48.6
PF-0174	1	0	63.6	48.6
PF-0175	1	0	63.6	48.6
PF-0176	1	0	78.0	35.4
PF-0177	1	0	77.9	35.3
PF-0178	1	0	77.8	35.3
PF-0179	1	0	77.8	35.3
PF-0180	1	0	77.8	35.2
PF-0181	1	0	77.8	35.3
PF-0182	1	0	77.8	35.3
PF-0183	1	0	61.1	38.6
PF-0184	1	0	61.1	38.6
PF-0185	1	0	61.1	38.5
PF-0186	1	0	61.1	38.5
PF-0187	1	0	61.1	38.5
PF-0188	1	0	64.9	37.9
PF-0189	1	0	64.9	37.9
PF-0190	1	0	64.8	37.8
PF-0191	1	0	64.8	37.5
PF-0192	1	0	64.8	37.7
PF-0193	1	0	64.8	37.8
PF-0194	1	0	64.8	37.1
PF-0195	1	0	52.9	38.6
PF-0196	1	0	52.8	39.8
PF-0197	1	0	52.8	39.3
PF-0198	1	0	52.7	39.8
PF-0199	1	0	52.8	39.3
PF-0200	1	0	64.5	43.1
PF-0201	1	0	63.4	41.8
PF-0202	1	0	63.3	43.9
PF-0203	1	0	64.1	45.3
PF-0204	1	0	64.0	45.3
PF-0205	1	0	64.0	44.4
PF-0206	1	0	63.7	43.4
PF-0207	1	0	60.7	51.9
PF-0208	1	0	58.2	53.9
PF-0209	1	0	57.6	54.5
PF-0210	1	0	59.5	51.7
PF-0211	1	0	60.1	53.3
PF-0212	1	0	45.7	9.6
PF-0213	1	0	46.5	18.3
PF-0214	1	0	46.0	17.1
PF-0215	1	0	46.2	18.3
PF-DEV1	1	0	45.0	18.3
PF-DEV2	1	0	44.1	18.3
PF-DEV3	1	0	44.2	18.2
