# indicator=IP.PAT.RESD name=Patent applications, residents year=2019 lastupdated=2026-07-13 accessed=2026-10-04 via=api.worldbank.org/v2 (jina reader)
ARG	442
AUS	2637
AUT	2066
BEL	876
BRA	5464
CAN	4238
CHE	1369
CHL	438
COL	422
CZE	765
DEU	46632
DNK	1351
EGY	1027
ESP	1288
FIN	1321
FRA	14103
GBR	12061
GRC	356
HUN	427
IDN	3093
IND	19454
IRL	58
ITA	9229
JPN	245372
KEN	294
KOR	171603
MAR	199
MEX	1305
MYS	1071
NGA	439
NLD	2228
NOR	957
NZL	324
PAK	313
PER	137
PHL	501
POL	3887
PRT	703
ROU	881
SWE	1802
THA	865
TUR	7871
USA	285113
VNM	720
ZAF	567
