# indicator=IS.RRS.PASG.KM name=Railways, passengers carried (million passenger-km) year=2019 lastupdated=2026-07-13 accessed=2026-10-04 via=api.worldbank.org/v2 (jina reader)
AUS	18841.831667914
AUT	13350
BEL	10849
BRA	16486.36
CAN	1731
CHE	21737
CHL	1063
CZE	10930.618
DEU	102026
ESP	28835
FIN	4924
FRA	112384
GBR	82550.430261516
GRC	1252
HUN	7751.606
IDN	29066
IND	1157174
IRL	2399
ITA	56586
JPN	435063
KOR	100381
MAR	4803
MEX	1571
MYS	2200.050277
NLD	19400
NOR	3715
NZL	776.56
POL	22056
PRT	4964.014
ROU	5906
SWE	14617.207234121
TUR	14259
USA	32483
VNM	3185
ZAF	5504.426
