# indicator=SH.TBS.INCD name=Incidence of tuberculosis (per 100,000 people) year=2019 lastupdated=2026-07-13 accessed=2026-10-04 via=api.worldbank.org/v2 (jina reader)
ARG	33
AUS	6.8
AUT	6.2
BEL	8.9
BRA	45
CAN	5.6
CHE	5.4
CHL	19
COL	36
CZE	5.2
DEU	6.1
DNK	5.4
EGY	11
ESP	10
FIN	4.8
FRA	9
GBR	8.1
GRC	5.1
HUN	7
IDN	312
IND	202
IRL	6.2
ITA	6.2
JPN	14
KEN	267
KOR	58
MAR	96
MEX	26
MYS	100
NGA	219
NLD	4.9
NOR	3.3
NZL	7.4
PAK	263
PER	131
PHL	554
POL	16
PRT	19
ROU	73
SWE	5.4
THA	150
TUR	17
USA	2.9
VNM	176
ZAF	615
