# indicator=SP.DYN.IMRT.IN name=Mortality rate, infant (per 1,000 live births) year=2019 lastupdated=2026-07-13 accessed=2026-10-04 via=api.worldbank.org/v2 (jina reader)
ARG	8.9
AUS	3.2
AUT	2.9
BEL	3.3
BRA	12.9
CAN	4.5
CHE	3.5
CHL	6
COL	12.3
CZE	2.4
DEU	3.1
DNK	3.3
EGY	22.9
ESP	2.6
FIN	1.9
FRA	3.3
GBR	3.8
GRC	3.5
HUN	3.4
IDN	18.5
IND	29.8
IRL	3
ITA	2.6
JPN	1.8
KEN	37
KOR	2.6
MAR	17.8
MEX	13.7
MYS	6.8
NGA	69.1
NLD	3.5
NOR	2
NZL	4.4
PAK	56.3
PER	12.5
PHL	22.6
POL	3.8
PRT	2.8
ROU	5.6
SWE	2.2
THA	8.9
TUR	9.4
USA	5.5
VNM	14.1
ZAF	25.1
