# indicator=SP.POP.TOTL name=Population, total year=2019 lastupdated=2026-07-13 accessed=2026-10-04 via=api.worldbank.org/v2 (jina reader)
ARG	44973465
AUS	25334826
AUT	8879920
BEL	11488980
BRA	207455459
CAN	37618495
CHE	8575280
CHL	19197744
COL	49907985
CZE	10671870
DEU	83092962
DNK	5814422
EGY	107553158
ESP	47118501
FIN	5521606
FRA	67382061
GBR	66628000
GRC	10721582
HUN	9694824
IDN	272489381
IND	1389030312
IRL	4976456
ITA	59729081
JPN	126633000
KEN	51202827
KOR	51764822
MAR	36210898
MEX	125762982
MYS	33440596
NGA	209485641
NLD	17344874
NOR	5347896
NZL	4970300
PAK	230800899
PER	32449303
PHL	110804683
POL	37965475
PRT	10286263
ROU	19371648
SWE	10278887
THA	71522271
TUR	82579440
USA	330226227
VNM	97173776
ZAF	59587885
