# indicator=EN.ATM.PM25.MC.M3 name=PM2.5 air pollution, mean annual exposure (micrograms per cubic meter) year=2019 lastupdated=2026-07-13 accessed=2026-10-04 via=api.worldbank.org/v2 (jina reader)
ARG	14.7246348007331
AUS	9.32733932375095
AUT	11.0526066543986
BEL	10.4433980360673
BRA	13.813142449647
CAN	6.44637527905843
CHE	9.18416349963332
CHL	20.755448395943
COL	19.7067243599727
CZE	13.4196543528156
DEU	9.95772717043857
DNK	9.08862810353217
EGY	44.6262157169763
ESP	10.4338195896242
FIN	5.2174017815856
FRA	9.41824194165321
GBR	10.2890709531888
GRC	15.4629284259515
HUN	14.686677071267
IDN	23.9728901300149
IND	53.5981486621548
IRL	8.57888040778008
ITA	14.9904134967112
JPN	11.9970236725114
KEN	20.2519023152347
KOR	21.9795785125884
MAR	17.1600688643338
MEX	17.0845735836968
MYS	20.8986497768105
NGA	56.1742360202495
NLD	10.5448242918594
NOR	6.1522585458121
NZL	7.72371069620344
PAK	53.4624424408059
PER	30.672466480308
PHL	23.1871442405274
POL	18.1315337173154
PRT	8.28261825252783
ROU	16.4166768529099
SWE	5.99033026849403
THA	23.9611072205444
TUR	26.3268927229167
USA	7.26916299261301
VNM	27.225760121213
ZAF	28.8697691230442
