# indicator=IS.AIR.GOOD.MT.K1 name=Air transport, freight (million ton-km) year=2019 lastupdated=2026-07-13 accessed=2026-10-04 via=api.worldbank.org/v2 (jina reader); HUN reported 0 (excluded)
ARG	280.283172
AUS	1931.1555305
AUT	320.036527
BEL	1353.426977272
BRA	1521.14944
CAN	3109.04305844707
CHE	1640.735
CHL	1232.41109
COL	1547.674684
CZE	22.73254
DEU	7763.61921423928
EGY	483.4138791
ESP	1191.466578
FIN	1067.31511
FRA	4522.586
GBR	5851.19
GRC	23.90576
IDN	981.74186
IND	1938.232596
IRL	174.5404
ITA	1344.955151
JPN	8919.48
KEN	320.952554616571
KOR	10664.3782296361
MAR	102.19214
MEX	1072.52473
MYS	1378.744705
NGA	1.84341946
NLD	5656.442
NZL	1207.88220494
PAK	192.977927
PER	340.335049
PHL	926.888641
POL	317.866
PRT	536.98922
ROU	3.334
SWE	985.655671715528
THA	2327.667095
TUR	6815.50975
USA	42498.262662
VNM	1022.84225
ZAF	565.20947
