# indicator=IS.AIR.DPRT name=Air transport, registered carrier departures worldwide year=2019 lastupdated=2026-07-13 accessed=2026-10-04 via=api.worldbank.org/v2 (jina reader)
ARG	163106
AUS	684170
AUT	330226
BEL	137206.817
BRA	814301
CAN	1215983
CHE	225755
CHL	143964
COL	371985
CZE	44051
DEU	896647.181
EGY	111785
ESP	677578.545
FIN	131089
FRA	598374
GBR	1061464
GRC	151848
HUN	213664
IDN	808265
IND	1209803
IRL	967456
ITA	260599
JPN	1018436
KEN	138192
KOR	549454
MAR	91254
MEX	605632
MYS	498878
NGA	68734
NLD	361156
NZL	192514
PAK	49749
PER	141311
PHL	320569
POL	131419
PRT	186711
ROU	58509
SWE	560422.19
THA	483580
TUR	742503
USA	10099031
VNM	332029
ZAF	248747
