# indicator=IS.AIR.PSGR name=Air transport, passengers carried year=2019 lastupdated=2026-07-13 accessed=2026-10-04 via=api.worldbank.org/v2 (jina reader)
ARG	19461377
AUS	76850596.719
AUT	46476602
BEL	14279187
BRA	102917546
CAN	93352000
CHE	30339654
CHL	21197759
COL	37031843
CZE	5446163.2
DEU	109633750.727
EGY	13206889.61
ESP	88237165.272
FIN	14610547
FRA	71289277
GBR	142392528
GRC	16124738.33
HUN	39803373
IDN	91323153
IND	167499116
IRL	170161848
ITA	27760301
JPN	130233352
KEN	6417534.056
KOR	92434079
MAR	9380951
MEX	69937838
MYS	63623130
NGA	6539048.35309011
NLD	46358457.951
NZL	17763604.459
PAK	7420378.249
PER	18820572
PHL	47776892
POL	10225516
PRT	22047878.978
ROU	5630289
SWE	50957868.602
THA	76344410
TUR	111131475
USA	926737000
VNM	53227026
ZAF	26211258
