# indicator=SP.DYN.LE00.IN name=Life expectancy at birth, total (years) year=2019 lastupdated=2026-07-13 accessed=2026-10-04 via=api.worldbank.org/v2 (jina reader)
ARG	76.847
AUS	82.9
AUT	81.8951219512195
BEL	81.9951219512195
BRA	75.809
CAN	82.1585365853659
CHE	83.9048780487805
CHL	80.324
COL	76.793
CZE	79.2292682926829
DEU	81.2926829268293
DNK	81.4512195121951
EGY	71.213
ESP	83.8317073170732
FIN	81.9829268292683
FRA	82.8268292682927
GBR	81.3691219512195
GRC	81.6390243902439
HUN	76.3195121951219
IDN	70.349
IND	70.746
IRL	82.7024390243903
ITA	83.4975609756098
JPN	84.3563414634146
KEN	62.939
KOR	83.2268292682927
MAR	74.245
MEX	74.53
MYS	75.9
NGA	53.009
NLD	82.1121951219512
NOR	82.9585365853659
NZL	82.0560975609756
PAK	66.729
PER	76.275
PHL	69.68
POL	77.9048780487805
PRT	81.6756097560976
ROU	75.6073170731707
SWE	83.109756097561
THA	77.197
TUR	77.737
USA	78.7878048780488
VNM	74.211
ZAF	66.071
